TrafficID,DateKey,CustomerKey,ProductKey,ActionType,DeviceType,Browser,SessionID,TimeSpentSeconds,Referrer,IP
1,20230125,136,110,Click,Desktop,Edge,c12c5395-5a93-4f70-9ecd-ec9799924b56,44,google.com,16.232.236.152
2,20230421,40,130,Purchase,Desktop,Edge,106acdf3-1e83-4032-aef8-7429a733916f,154,google.com,174.33.186.92
3,20231226,33,29,View,Tablet,Chrome,cd39a060-380a-4db2-9c94-ff5e06744923,26,direct,19.209.159.247
4,20230525,201,160,AddToCart,Tablet,Firefox,99651869-8f9e-4394-930a-62f3fb67b162,233,direct,146.248.68.220
5,20231001,272,20,RemoveFromCart,Tablet,Chrome,10406e9a-f97e-4be2-b42a-5132b525cf88,218,direct,164.128.50.232
6,20230726,294,272,View,Mobile,Firefox,9c261271-e627-476a-8589-b4b7d6d223c7,236,facebook.com,51.102.69.237
7,20230323,94,328,Click,Tablet,Opera,667d1003-e0f3-4b6a-9727-f808cb0edea8,34,email,112.0.89.176
8,20230618,156,138,Purchase,Mobile,Firefox,100c12d2-4e4a-458d-8643-1cc02d2274db,170,email,148.52.143.1
9,20230908,345,178,Click,Desktop,Opera,2d6b76dc-d240-49df-9755-2705379bd52c,272,instagram.com,156.205.101.81
10,20230815,172,267,RemoveFromCart,Desktop,Firefox,1daad03e-9133-4c5c-84c5-a55893af9fa8,72,google.com,60.245.239.96
11,20230601,106,329,AddToCart,Tablet,Firefox,a102b200-fc12-4b29-a846-a5ab79b3d15d,10,tiktok.com,219.153.109.238
12,20240120,236,312,View,Mobile,Edge,4721d0e4-dba1-44d2-a760-c95e640d150d,129,google.com,99.146.49.91
13,20231109,19,241,Click,Desktop,Opera,43b0cb07-d162-4a21-a799-e515352f90f4,211,facebook.com,64.176.191.80
14,20230502,225,114,View,Tablet,Chrome,fd6980ae-856c-4e63-99f3-fbe1f88a2bf3,19,facebook.com,123.239.173.7
15,20230316,244,201,Click,Desktop,Firefox,5564741e-1933-46fd-a277-14a27e5790a6,169,tiktok.com,81.218.57.112
16,20231127,128,269,View,Desktop,Edge,bd45e56c-d7ae-4ed5-bb9f-0aa013791da2,12,google.com,200.76.15.77
17,20230224,188,213,AddToCart,Tablet,Chrome,1cb3e46a-4e40-4062-b0cf-0c5a9058b5ca,281,tiktok.com,79.19.229.184
18,20230218,12,115,AddToCart,Mobile,Chrome,9d5a1ab3-b52a-40ad-9126-bdbe5c604e05,59,tiktok.com,12.95.92.84
19,20230317,230,4,Purchase,Tablet,Chrome,27e8f542-8143-4784-8277-fdebe3bdf2ac,67,google.com,98.253.121.234
20,20230821,85,186,Click,Tablet,Safari,087e340a-f875-44fe-94d3-70b221d56322,164,instagram.com,98.206.43.111
21,20230906,275,190,View,Desktop,Safari,4cc9da84-0252-4a77-a00c-4c01593430ae,50,facebook.com,64.194.132.182
22,20230808,202,164,Click,Mobile,Opera,916089fb-7fa5-4c66-a5ec-747feab022ba,61,instagram.com,120.62.103.35
23,20231203,209,1,AddToCart,Mobile,Chrome,b3ea50b5-d4cc-4545-8b6a-8193be8cee99,256,tiktok.com,202.193.177.56
24,20230108,182,159,AddToCart,Mobile,Chrome,279d9882-03aa-4275-ab98-44a42b60d927,84,facebook.com,156.65.240.102
25,20231206,275,203,RemoveFromCart,Tablet,Chrome,f01994a1-0473-477b-9cae-f759d06c91d5,286,facebook.com,120.16.59.136
26,20230306,16,187,Purchase,Tablet,Edge,c7193597-599c-41cb-8921-bce00d35f723,110,direct,216.98.209.206
27,20230822,304,283,Click,Mobile,Edge,7053e62d-b524-43c3-ab47-9e55e3bb9c29,74,direct,68.218.142.130
28,20230815,208,71,AddToCart,Mobile,Firefox,e1efadb3-ff49-4a0f-a00c-223d66750e36,293,facebook.com,194.5.84.61
29,20231029,277,53,View,Tablet,Firefox,0dae7e82-31d3-4ec1-a19e-7e94702b3dcc,131,facebook.com,38.129.194.150
30,20230129,239,322,View,Desktop,Chrome,4bc17b6b-651b-443e-9e9d-529be5574daf,17,instagram.com,146.147.226.1
31,20230923,327,157,View,Tablet,Chrome,7d827f83-c186-40f8-8ce6-11d35b6538d7,223,google.com,144.35.139.130
32,20231218,112,234,View,Tablet,Opera,97cb014f-cc97-48c7-a41a-2e848b0a017a,117,email,141.65.79.216
33,20230108,360,336,Purchase,Tablet,Edge,085d6ed0-b3eb-4574-bb3c-a9ae6d0622f8,66,facebook.com,149.128.74.180
34,20230223,101,57,Purchase,Mobile,Chrome,99fc9524-b404-48d8-8964-da6fe456025d,288,google.com,130.107.114.4
35,20231012,32,15,View,Tablet,Edge,fa22d49e-6ce6-412f-89ee-296cd1a75e2b,269,google.com,126.132.11.182
36,20230901,288,346,Click,Tablet,Chrome,2ca6ddb1-aa73-46b3-a512-505cec1b7d88,249,direct,221.132.144.90
37,20231206,176,94,AddToCart,Tablet,Opera,eb7429bf-645d-4abb-ad61-03d1e65a039a,155,instagram.com,149.32.157.176
38,20230309,92,230,Purchase,Mobile,Safari,70f39a4e-ece5-4952-8f4e-0eb2a7633173,97,direct,41.214.96.46
39,20230417,221,338,RemoveFromCart,Desktop,Chrome,5f508d83-3076-42ce-b2c8-1d5c75122ed7,118,direct,100.144.215.54
40,20230829,377,16,View,Mobile,Firefox,53128642-4c1b-4fdc-9b7d-d775c590d508,269,instagram.com,88.122.136.134
41,20240118,14,177,View,Desktop,Opera,96621fb4-4043-432d-b374-05c7b6cdd5fd,93,google.com,6.226.85.131
42,20231002,3,336,Click,Desktop,Opera,c9bdd198-150e-4aa7-a551-37555b851f04,199,facebook.com,2.117.119.116
43,20230708,151,165,AddToCart,Desktop,Firefox,80d3b9ed-5e8c-4727-8589-e398d332829d,127,tiktok.com,24.120.16.245
44,20230430,115,271,Purchase,Mobile,Safari,49cdfbac-d17f-45ab-a857-d5c0d302e06d,247,direct,58.221.114.7
45,20230616,86,202,View,Desktop,Chrome,9fe78ac5-a7e7-4e80-9b78-51a6d6c445dc,22,google.com,136.217.46.131
46,20230422,20,209,AddToCart,Desktop,Edge,280faa47-7408-44a3-b787-ac60db0e3d08,131,facebook.com,51.223.94.195
47,20230524,169,205,Click,Tablet,Edge,f7f6f338-89b8-412e-9232-8bf7f81f9690,173,email,211.227.31.224
48,20230813,322,93,Click,Desktop,Edge,6728cbb5-22a8-4934-8de7-be6eb3fbd1a4,268,facebook.com,63.47.116.126
49,20230707,132,233,RemoveFromCart,Mobile,Safari,a560ed78-db96-40c0-8d6e-a6f4bd1b422b,82,facebook.com,7.205.242.181
50,20230727,99,317,RemoveFromCart,Desktop,Opera,5008285a-6eee-43e0-bf3e-48b58a79818d,288,email,52.67.114.28
51,20230507,365,317,RemoveFromCart,Desktop,Opera,25946a8d-e229-4522-81da-4f1550796f48,81,tiktok.com,145.2.107.180
52,20230919,216,61,RemoveFromCart,Tablet,Safari,4d08fa1b-869c-454c-bd82-3c04ada1464a,63,direct,138.209.74.186
53,20230711,380,98,AddToCart,Tablet,Firefox,4118ca9a-7bb6-4e97-918a-2c0858ef05c2,104,email,117.200.160.105
54,20231229,371,344,AddToCart,Mobile,Edge,8499e344-743b-472d-bad0-c614599fd6ca,176,instagram.com,178.136.95.182
55,20231004,395,263,View,Desktop,Safari,c4b906b6-74db-4227-b8c6-8b37bf66ab77,87,google.com,107.99.80.180
56,20230810,384,104,Purchase,Mobile,Safari,8e0794e2-3e1e-4417-b049-6b82d95cd8f0,154,google.com,83.233.126.60
57,20230305,236,209,Click,Mobile,Opera,baad7592-dab7-4a8f-8325-94cafbfd3f98,163,instagram.com,135.248.84.57
58,20230215,257,32,AddToCart,Desktop,Chrome,23dd8670-6ec3-4d30-9234-b9efe41e1781,197,tiktok.com,7.72.239.255
59,20240127,35,30,Click,Mobile,Firefox,43f200b4-ea46-4001-8bbf-5a6927611a36,15,google.com,29.50.224.195
60,20230725,85,342,Purchase,Tablet,Opera,97e69609-87f2-49f7-92e3-726c407a2aec,74,google.com,99.82.192.69
61,20231130,271,347,AddToCart,Mobile,Chrome,41c8bca8-4a23-48a5-8cee-55185dd2d5a8,145,tiktok.com,222.141.59.94
62,20230418,330,204,View,Tablet,Edge,b64911e7-5d5a-46d4-93f7-ef54044adc21,130,instagram.com,119.91.26.1
63,20231031,156,151,AddToCart,Tablet,Safari,4c28caaa-179a-44e1-b274-6bdbe697b85c,164,facebook.com,150.104.219.203
64,20230705,46,83,Click,Tablet,Edge,be6fd211-3b33-46d4-ac82-dcdce7e87d32,186,facebook.com,205.45.249.51
65,20231004,263,217,Purchase,Tablet,Chrome,1c9a25ff-f631-4e7f-ab6a-c40fe8b70803,68,direct,117.207.83.82
66,20231126,344,343,AddToCart,Tablet,Safari,b6b4e8aa-4b82-419f-b9d0-e9e215e42ab4,59,email,180.73.31.102
67,20230925,44,70,RemoveFromCart,Mobile,Chrome,c2dbf019-825f-4a7c-8bf5-a4531a0304f2,129,google.com,55.146.166.106
68,20230625,229,127,Purchase,Desktop,Opera,a16027d5-ada6-4d0d-9ea8-c6b0f7609522,14,tiktok.com,169.229.38.10
69,20231105,296,8,View,Desktop,Firefox,49ccf957-c91c-40a9-879f-c21d12d00ebe,298,direct,26.75.117.116
70,20230111,335,80,Purchase,Mobile,Opera,80e7581c-24fd-4030-a76e-e16e1fc09475,35,tiktok.com,213.176.136.123
71,20230219,336,274,AddToCart,Desktop,Opera,bd2d7278-0a20-4539-a855-632bad5c4d74,188,google.com,19.179.122.177
72,20231203,340,354,AddToCart,Desktop,Opera,760a86ac-211f-4e54-a027-b6c61df29139,192,facebook.com,175.202.226.74
73,20231223,301,6,Purchase,Desktop,Firefox,a80a4750-fc4b-43c1-af3a-45b0c424c0e4,111,tiktok.com,178.234.102.156
74,20230321,215,289,Purchase,Mobile,Opera,c5ec21dd-57f3-41cb-a94d-d957c8621146,83,direct,176.140.220.193
75,20230209,386,36,Click,Mobile,Opera,401607c2-d3a2-45be-af81-fedcb9d81ab1,44,tiktok.com,106.35.51.75
76,20230811,112,255,Click,Mobile,Safari,c1d70f76-1b81-435b-abe1-29644ef5d1e3,29,google.com,134.53.95.202
77,20230210,198,164,Purchase,Tablet,Opera,ad66b701-730d-436f-9c0a-18878e3b9927,14,facebook.com,48.168.97.176
78,20230701,9,17,RemoveFromCart,Desktop,Firefox,5a20cc3d-92ee-4909-81b3-74a530bec405,76,tiktok.com,195.121.66.184
79,20230114,95,18,Click,Tablet,Opera,d29a98dc-e0ae-4bb2-8163-a1ecda76f086,182,email,8.113.224.193
80,20231125,174,138,RemoveFromCart,Desktop,Edge,ce5bb377-d3c9-457b-aa2d-b250209fed0a,225,google.com,111.98.227.250
81,20231031,347,207,View,Mobile,Chrome,a15a31d6-6398-4d07-a473-8e80ec1a6bcd,198,instagram.com,6.145.106.207
82,20230815,389,99,Click,Mobile,Chrome,e1fff721-1ac4-4b6c-aeb3-19f8ee9e46b0,177,direct,3.113.17.250
83,20231107,32,8,View,Desktop,Safari,6fc35b9d-dee9-4b9d-91ba-54cdab7cdc80,166,email,57.96.10.70
84,20230523,249,130,AddToCart,Tablet,Chrome,9408157e-0303-405d-a07a-fd5d3e04f980,31,google.com,58.99.215.156
85,20230517,294,50,RemoveFromCart,Mobile,Chrome,d9890b26-d8b0-4d7b-a5df-a748c38dedb3,20,email,55.156.162.248
86,20230110,162,237,View,Tablet,Chrome,4a44ac1e-e59d-4812-8383-02a1baaf0754,61,tiktok.com,26.138.240.210
87,20230405,367,8,View,Tablet,Chrome,8b10e622-20e8-4f9d-8e7b-e2b7ed262673,226,tiktok.com,72.69.41.196
88,20230629,274,262,Click,Mobile,Opera,e547d903-f7a2-4b63-8db4-007b1d3044f6,255,tiktok.com,188.67.158.67
89,20231218,245,270,AddToCart,Tablet,Edge,151f69b1-2633-4699-aa3c-5592829bb186,114,google.com,13.78.54.25
90,20230717,85,180,AddToCart,Tablet,Opera,289801c4-6f9a-44e6-a467-8d3ab57f897c,270,tiktok.com,65.171.23.40
91,20230523,199,24,Purchase,Desktop,Firefox,0ec184b8-5bea-404c-8e41-3100d0609f5b,137,direct,125.150.198.193
92,20231110,337,83,Purchase,Mobile,Chrome,88d93f89-f7ea-44da-9474-68c84f2b47f5,38,direct,4.167.234.161
93,20230227,18,146,AddToCart,Tablet,Safari,facecd6f-39c2-4ce0-b157-669810cc408b,200,tiktok.com,58.83.186.127
94,20231103,72,147,AddToCart,Mobile,Firefox,88c845bc-2e90-45cc-8957-7095d76564be,28,google.com,130.151.43.68
95,20231207,180,159,View,Desktop,Edge,4c7d5898-87e6-47c8-b66e-450920dbd474,96,instagram.com,166.1.0.77
96,20230924,218,119,Purchase,Tablet,Firefox,2d97c230-2b25-4d57-9c18-e5a549dff600,112,instagram.com,182.24.241.209
97,20230620,223,152,RemoveFromCart,Mobile,Opera,1db0bbfe-0391-4f14-bec5-e22501e98ee3,89,direct,125.224.186.105
98,20230131,328,246,View,Tablet,Firefox,e9a98eed-fc93-47bb-9c2c-3e351d84533b,109,instagram.com,177.105.56.249
99,20230724,75,208,View,Tablet,Edge,d0f3f0ef-3fae-4b56-8405-9f1c515ea9bf,82,facebook.com,151.28.219.156
100,20230523,298,101,View,Mobile,Edge,c6b6fd10-ef9b-4ddb-a3f7-bf5cb0a1d2df,76,tiktok.com,9.118.130.61
101,20231022,88,156,Click,Desktop,Firefox,7a2bc6e2-eb32-403d-9e25-1c8ced2e8d31,149,google.com,86.77.1.6
102,20231031,73,234,RemoveFromCart,Mobile,Safari,85a453b8-482b-4ee7-bfad-4e1c5bc14117,135,tiktok.com,54.102.53.79
103,20231018,171,28,RemoveFromCart,Mobile,Opera,aecf7ff1-93f5-443b-a15d-e169ba8ea8be,172,instagram.com,47.2.114.31
104,20230207,23,61,View,Desktop,Opera,b1f1683c-b468-48ca-a3f1-3f758f1dde5c,176,facebook.com,65.120.41.63
105,20231102,327,256,Purchase,Tablet,Safari,aad5f8d9-446d-447a-aa2d-92c5750bb98b,149,facebook.com,170.92.206.217
106,20231010,220,202,Purchase,Mobile,Edge,bf109e97-9c39-43df-b61a-90568db44bd9,110,facebook.com,113.107.151.89
107,20240203,235,268,RemoveFromCart,Tablet,Opera,3dd60164-b73c-4200-b121-d6dc078b17fd,127,facebook.com,153.189.110.114
108,20231015,20,90,RemoveFromCart,Desktop,Edge,122bc01f-741c-4323-9ef7-0e4674cc5ccc,175,direct,209.94.165.89
109,20231017,248,151,Click,Mobile,Safari,ff07da2b-7d87-4024-81a5-51b6fff94c14,32,instagram.com,84.10.145.15
110,20230121,269,158,RemoveFromCart,Desktop,Safari,96398c16-f269-438c-83be-b597496bed63,198,tiktok.com,90.254.253.185
111,20230929,215,108,RemoveFromCart,Mobile,Opera,e87a251f-b17d-423a-8a06-4421aba10edf,197,facebook.com,173.175.28.49
112,20230807,230,342,RemoveFromCart,Mobile,Firefox,08b65493-e865-47d1-8940-9e236e5aa60e,213,email,108.178.160.85
113,20230716,47,70,Purchase,Desktop,Firefox,6e8ed360-e96d-4b2d-a4c6-ff83199f6b24,118,tiktok.com,10.60.86.19
114,20230311,57,131,Purchase,Desktop,Edge,9a89c12b-bca2-462d-b22b-ff3031c9ab33,296,google.com,41.38.38.3
115,20230211,400,274,View,Tablet,Edge,567f2299-69e9-41b5-8f1e-66a775ee8b42,53,instagram.com,204.24.32.190
116,20230218,278,99,Click,Desktop,Edge,916a06e9-fae2-43ef-a271-00408a849c22,60,email,116.146.82.136
117,20230407,165,239,AddToCart,Mobile,Chrome,8e452d4b-a68b-466f-bbe2-45d1cb51626b,42,instagram.com,43.252.254.90
118,20230117,160,56,Purchase,Tablet,Firefox,3dea08ba-207e-49cd-b2c4-ddb9a4debd54,250,google.com,45.36.105.237
119,20230811,84,66,AddToCart,Mobile,Safari,28450673-ab45-4b9b-afd2-7e05162e03f0,112,tiktok.com,151.96.73.188
120,20240102,167,323,RemoveFromCart,Desktop,Edge,93fbfcca-d6a6-440b-af25-9f1c684a9c53,103,facebook.com,22.235.114.60
121,20240110,166,249,RemoveFromCart,Desktop,Edge,5fae10e8-a4ee-42d9-95e6-f43bd641c63c,256,google.com,164.226.207.195
122,20230903,118,258,Click,Mobile,Safari,4000460d-7b0b-479c-aa12-9c1fbb716f86,109,facebook.com,21.221.6.113
123,20230303,279,88,AddToCart,Desktop,Safari,5de5849a-25c8-40c2-8d5a-16cd4e1f2482,50,instagram.com,103.69.30.197
124,20230727,20,267,View,Mobile,Safari,3d3bc299-c9ff-45df-aca0-a9864e94951a,17,email,22.129.4.145
125,20230512,322,117,Purchase,Tablet,Firefox,305ce0ab-35af-4bf0-b61a-7668ee9b1ace,241,direct,220.61.84.208
126,20230304,323,166,AddToCart,Desktop,Safari,056d8b5f-d228-4f21-9bb8-f8c34440d9e3,130,google.com,92.186.15.255
127,20230912,26,5,Click,Desktop,Firefox,3d4d1407-5fe8-4ff2-8063-fdf3ca84bf2a,56,email,173.58.54.141
128,20230608,143,82,Purchase,Tablet,Opera,edcbc024-3e6c-40f7-97f5-a6e33a9e8db2,230,email,156.15.147.179
129,20230904,168,294,Click,Mobile,Chrome,65286ff6-5bb9-4ef2-ac50-5f83271b7250,94,google.com,141.132.252.136
130,20230422,349,288,RemoveFromCart,Mobile,Safari,618d4f71-d482-4b2a-932d-0baee36a929b,158,email,213.100.228.14
131,20230730,58,186,Click,Desktop,Firefox,9ebac6f9-e273-4a1f-9e2a-361366600916,198,google.com,88.99.248.134
132,20231125,291,200,View,Mobile,Firefox,eef9fa50-b332-4f02-86d6-1c4da56cc3c3,208,google.com,173.179.142.180
133,20231021,357,181,RemoveFromCart,Desktop,Firefox,306eacf7-0bc6-4ea9-b4b9-b90d04060c0d,243,direct,35.42.187.138
134,20230519,27,15,Purchase,Desktop,Chrome,3ee849a7-cbd9-4cf1-b51a-91c5f641e3e6,97,email,144.208.150.160
135,20230823,1,119,RemoveFromCart,Mobile,Safari,1b202ee4-5541-4e2d-831c-baccb954eab4,19,facebook.com,168.157.238.243
136,20230406,297,203,AddToCart,Tablet,Opera,3d81a9e8-ebda-494b-ac8e-7723ce991163,150,instagram.com,114.138.109.183
137,20230916,325,114,Click,Tablet,Chrome,e613549f-d33f-42a2-9ea6-a5594317eea3,118,google.com,129.109.83.130
138,20230629,14,58,View,Desktop,Chrome,be43751f-0df1-4d7a-a292-15280fb82cbf,184,direct,145.241.135.223
139,20230907,289,299,Purchase,Tablet,Edge,999b14ba-b8d9-4559-919d-4782f852897e,71,email,206.45.136.69
140,20230305,120,283,AddToCart,Tablet,Opera,166fe6af-32f5-4f9a-acce-6ddea044ee8d,89,google.com,29.41.134.113
141,20230701,356,63,Purchase,Mobile,Edge,e6991304-468f-416c-8d7a-c8b4ddb2d135,183,tiktok.com,88.255.135.66
142,20230313,161,343,View,Desktop,Opera,8205f78f-b107-463b-977e-fe2878c4b8c5,56,direct,57.208.157.214
143,20230330,159,221,Purchase,Tablet,Chrome,4160f2fd-39de-424b-b601-8c10095b3580,77,tiktok.com,37.125.136.71
144,20230312,324,29,Click,Tablet,Opera,02d3e1b8-4b72-4025-8bbb-69c55a3fc610,233,facebook.com,217.120.222.130
145,20231012,393,26,View,Mobile,Opera,83e0429e-4f1e-4c50-9799-9e46a7cfa8eb,79,google.com,147.182.132.207
146,20230212,193,205,AddToCart,Tablet,Safari,2b2f3687-987e-4370-817a-5c3f0de0b400,100,facebook.com,17.94.202.65
147,20230428,145,271,View,Mobile,Edge,2dabfacf-ac90-43d0-82d3-1dff2cb06bd4,34,tiktok.com,51.167.155.198
148,20231109,162,284,RemoveFromCart,Desktop,Edge,8f7c0c87-88d9-43d6-8bdc-4312df56ff69,7,google.com,69.101.245.198
149,20230319,217,200,AddToCart,Desktop,Firefox,4cf7179c-7349-4745-bf3b-ee67bb8f6db2,291,instagram.com,207.8.4.70
150,20231112,31,279,View,Desktop,Opera,fe147b50-7d64-4452-a77d-f777c05fe0fe,160,direct,121.83.231.251
151,20230722,59,147,Click,Desktop,Chrome,a8afbaaf-2446-463d-8ce1-17d530a6bda9,264,google.com,160.189.153.149
152,20230222,182,202,Purchase,Mobile,Chrome,b86fef58-80e5-4587-8f91-aaad552bed27,88,google.com,12.255.80.56
153,20230904,47,178,RemoveFromCart,Tablet,Safari,d5c3efce-a2e9-402d-bf61-e91bcb16822b,17,email,93.140.185.111
154,20230706,149,171,Click,Tablet,Edge,892c166b-fdc7-4b99-a775-1dbbabea5953,35,google.com,182.44.190.116
155,20240127,76,55,Purchase,Tablet,Opera,c144a4a0-b4d4-4e4d-b3b3-ed9214d3374d,170,instagram.com,10.139.19.146
156,20230703,298,313,RemoveFromCart,Mobile,Edge,6e9b53dd-97b5-49e0-a9e9-d4025ad790b7,114,google.com,16.124.9.176
157,20230106,67,253,View,Tablet,Firefox,beb7aba0-359c-4e34-a5d7-fb29517ddcbe,112,instagram.com,125.68.32.165
158,20231203,158,283,View,Tablet,Opera,d12122f6-d4b0-4187-8351-c37fd635c5ab,53,email,179.118.82.31
159,20230502,394,71,RemoveFromCart,Tablet,Opera,b52c3670-f3c3-47c0-919d-09a1078732bb,193,instagram.com,216.188.67.127
160,20230927,94,111,Click,Mobile,Opera,6848d4dc-2fa7-4cda-b4b7-7746f6e9ee7d,81,direct,153.119.204.18
161,20230102,361,113,Purchase,Mobile,Chrome,4d3246f2-0ced-48f3-856e-f2bc13df30ba,295,google.com,214.96.86.162
162,20230803,249,259,Click,Tablet,Opera,f6832ee8-ca29-4719-b3f9-6f3f5757edb5,108,tiktok.com,214.210.149.34
163,20230620,374,300,RemoveFromCart,Desktop,Opera,43e50f47-8d2e-493c-8c06-1a9b5f66311b,284,email,9.63.82.127
164,20230328,270,205,Purchase,Desktop,Opera,e3ea8876-5699-4001-8c6f-fc60b1e16f5b,244,email,171.146.156.58
165,20230225,108,65,AddToCart,Desktop,Edge,c2ebdb44-6b11-4c16-839d-081e59e83d0f,68,facebook.com,35.7.253.172
166,20231225,381,63,View,Desktop,Firefox,ed7e9bbe-1bfa-4f1a-86e5-865d2839d9cf,291,tiktok.com,171.40.129.65
167,20230404,148,156,Click,Desktop,Opera,2195a855-ed72-4a4c-bd43-6deeec5548ba,267,direct,165.66.243.166
168,20230616,100,200,Click,Tablet,Edge,78f08e95-14bb-4c6e-93d4-0a719c925136,211,tiktok.com,78.133.228.11
169,20230919,374,297,Purchase,Mobile,Safari,89d1b05a-7d6c-48d3-b1e1-149bfa7e8cd3,39,instagram.com,191.85.81.122
170,20230513,215,326,Click,Desktop,Safari,ee578b45-e416-4afe-b8c3-5ac515201cad,143,email,203.48.122.80
171,20230126,352,107,Click,Mobile,Edge,e83d476f-6205-4cee-a585-8e8ba152c8b3,224,instagram.com,60.91.136.237
172,20231224,252,135,Purchase,Tablet,Opera,b17032b6-0573-4101-b00b-d86004de4080,165,email,136.67.96.253
173,20230301,4,154,View,Tablet,Opera,f59bdc12-3b19-4b70-9719-1c4c72fa4e7f,39,email,6.158.27.105
174,20230509,138,203,Purchase,Mobile,Safari,bab7be29-beb8-45e5-9ccc-06dfe11ff978,293,direct,25.23.98.199
175,20240201,207,259,AddToCart,Desktop,Chrome,95591599-c4d7-4715-be50-402de4e3c95e,11,email,53.240.173.253
176,20230428,163,278,Purchase,Desktop,Opera,665a4523-26be-4f6f-ad73-4e813f74b549,71,facebook.com,191.186.74.60
177,20230930,212,117,RemoveFromCart,Desktop,Safari,81a26fc7-38cd-4e4b-a951-08fdf0267822,41,google.com,97.138.213.211
178,20230811,25,310,Click,Desktop,Opera,840bb800-c549-4c2d-940a-5c8ca4cd14af,62,facebook.com,129.12.240.20
179,20230219,233,7,Click,Tablet,Safari,9b83571f-0cd6-4939-9a44-94a6e876b972,7,direct,144.28.196.218
180,20230624,24,158,RemoveFromCart,Mobile,Edge,1042fb49-cfec-41f7-9c33-634e8ccb4d2e,79,google.com,172.16.83.46
181,20230712,60,89,RemoveFromCart,Mobile,Firefox,2d756ed7-f201-40aa-ba41-407908e6388e,261,facebook.com,158.154.81.203
182,20230516,362,129,Purchase,Tablet,Edge,4fdc41fb-0c4e-4800-a3a5-174519b8db86,205,tiktok.com,10.57.61.49
183,20230105,167,194,Click,Desktop,Chrome,81eb7154-16e8-4da2-8ed9-15271d92c727,260,instagram.com,200.131.18.225
184,20230422,6,27,AddToCart,Mobile,Chrome,c6946c98-eed3-4ffe-8da9-44e49b8aeff3,300,email,89.80.217.89
185,20231107,100,36,AddToCart,Mobile,Safari,00bb06d3-6103-46d6-b7d2-49d20258005a,43,email,5.88.124.158
186,20231202,302,68,Click,Desktop,Opera,c6068bf6-f3ec-4bc6-a240-5e4d7f0d95f4,271,facebook.com,118.55.252.189
187,20231220,92,187,AddToCart,Desktop,Opera,e0efe958-1391-4787-b896-eb81106bc009,56,facebook.com,196.103.32.140
188,20230304,12,173,View,Desktop,Edge,69a419a0-f851-4c5b-9f13-8012f165f902,252,google.com,133.213.176.67
189,20230319,272,333,AddToCart,Mobile,Safari,cef68654-7670-43d2-a377-6cb5ba2cb0c5,196,instagram.com,129.5.27.134
190,20240111,79,342,Click,Mobile,Chrome,fde6c984-6efd-4f70-89ae-15b348a5b084,8,direct,188.51.12.214
191,20231030,209,146,RemoveFromCart,Tablet,Edge,14d3fad0-7866-4867-a806-5ef6459c802b,32,instagram.com,82.164.72.181
192,20230804,227,272,RemoveFromCart,Desktop,Firefox,c7fb7612-f816-47d7-9ddc-658d5c500b11,156,direct,137.22.157.65
193,20230928,316,194,Purchase,Tablet,Firefox,656a3d5c-2a62-4326-958e-daabffc0f052,92,facebook.com,99.68.227.79
194,20231121,218,117,View,Tablet,Safari,0515007f-1fc2-4f12-a7a4-414c844dde46,31,google.com,205.106.76.130
195,20231125,383,3,Click,Mobile,Firefox,6651e0e3-7f94-4c56-b721-bbf4a15f1e91,39,google.com,75.43.186.228
196,20230308,207,303,AddToCart,Tablet,Safari,5bdb575b-7afc-4fb5-a9d1-06b2ede5882d,247,google.com,211.155.155.232
197,20230727,243,292,RemoveFromCart,Mobile,Opera,948ac04e-f55f-4ce1-9f8c-79f16aea878d,150,tiktok.com,63.109.42.142
198,20230112,152,307,Click,Tablet,Firefox,40522135-f569-43b0-9202-8bcce2369373,75,direct,103.209.249.196
199,20230131,208,312,RemoveFromCart,Tablet,Chrome,36000102-2510-4336-ad37-923088f19a49,285,instagram.com,172.145.95.190
200,20231028,316,89,RemoveFromCart,Mobile,Firefox,bbfce408-f82e-4e62-afe5-32a2e017b58e,123,instagram.com,62.18.66.218
201,20231222,146,338,Click,Desktop,Safari,79d1ec35-f318-4d78-8d41-f1b0fe05f469,282,facebook.com,175.121.159.50
202,20240115,27,59,RemoveFromCart,Desktop,Safari,9fd244f9-4325-4b71-a16d-788fc70b66be,239,tiktok.com,222.228.42.72
203,20230906,239,354,View,Mobile,Edge,10eadbd7-fc47-4f16-a848-0bb28e9c0de4,54,direct,110.135.198.234
204,20230102,144,143,RemoveFromCart,Mobile,Opera,24a184fe-caba-40d0-a9e6-243e61d92dc7,107,google.com,167.42.28.5
205,20240202,178,251,View,Mobile,Firefox,94003e26-022c-487b-87c5-613cea54e001,192,google.com,102.54.99.37
206,20230224,155,46,AddToCart,Mobile,Firefox,3cf754d8-bf75-4934-86d9-fa16d91dbe61,102,tiktok.com,24.126.165.228
207,20230323,294,162,RemoveFromCart,Mobile,Edge,a12651da-af2c-469d-949e-4827f2b0098f,199,google.com,177.129.45.162
208,20231111,242,115,RemoveFromCart,Tablet,Chrome,b5b921a1-8deb-4559-8a53-9cf8f4367b16,155,instagram.com,129.31.198.11
209,20231221,154,154,AddToCart,Desktop,Edge,b700008e-89c8-4bd2-9d66-46490bccf00e,176,tiktok.com,205.184.68.153
210,20230320,195,93,Purchase,Tablet,Chrome,c18c6f47-9fec-40be-bcee-6ffe37f60abd,256,direct,52.180.238.246
211,20230804,316,6,AddToCart,Mobile,Opera,aefdec8b-ae57-4527-b749-0f7dfe13ef94,188,facebook.com,51.187.42.131
212,20230703,377,256,Purchase,Desktop,Opera,d2d260bf-727a-4315-a8f7-bc832ba51709,198,facebook.com,49.165.197.127
213,20230210,307,291,RemoveFromCart,Mobile,Edge,2b46d365-666f-4393-88e3-57443ddafb46,90,tiktok.com,146.200.185.218
214,20240115,342,45,View,Tablet,Firefox,cf5f7559-db63-43ed-915c-287a0e25516f,272,facebook.com,192.54.185.100
215,20230308,37,181,Click,Tablet,Edge,0613c2eb-4ef2-440e-8ac9-6af60c7f64ea,100,tiktok.com,5.206.252.242
216,20230330,130,69,Click,Desktop,Opera,5d4310b7-7e8a-4903-8ae9-dfe1fd3d17c5,158,email,52.185.68.239
217,20230328,320,59,RemoveFromCart,Tablet,Safari,87b5936b-ba6f-43e0-ba9d-cad587ec0fc7,107,google.com,147.79.99.10
218,20230319,137,173,Click,Mobile,Opera,9da3f5db-d121-401e-aa9e-5da73671abea,263,direct,28.244.197.121
219,20230719,159,226,RemoveFromCart,Desktop,Chrome,3a41cea0-c966-4a4d-931e-42e323f4a735,10,direct,91.220.181.237
220,20231010,45,233,Click,Mobile,Safari,75c17110-e3c2-46d3-8419-d4cfd750c820,7,email,6.60.18.101
221,20231209,172,123,AddToCart,Tablet,Safari,986e224a-3b2d-41a5-95eb-18c6bb9324e4,123,tiktok.com,133.152.255.115
222,20231116,324,202,Purchase,Tablet,Chrome,7faa8102-6471-443e-94dc-7a708b1957b4,300,google.com,139.46.255.186
223,20231118,310,82,RemoveFromCart,Mobile,Opera,8108a9f1-003e-4353-8936-3776aced4ab8,135,google.com,131.24.127.213
224,20230421,89,219,Click,Mobile,Chrome,daf7cb35-0027-43c4-861c-09b2eca35403,27,google.com,117.51.43.94
225,20230317,119,268,Purchase,Mobile,Firefox,fbe97883-f4a1-420f-8740-a7ebf621f358,125,tiktok.com,197.50.222.159
226,20231116,22,188,Click,Tablet,Opera,07d78bd6-3df6-40bb-bda5-1c81175f9589,104,instagram.com,38.27.179.201
227,20230109,171,167,Purchase,Mobile,Firefox,3ac3839a-f892-4cc5-b227-76e54685f20e,87,direct,137.44.39.32
228,20230917,300,72,AddToCart,Desktop,Firefox,094be7fb-abb7-4d19-a4dd-63a75068cc72,220,tiktok.com,24.228.242.235
229,20230211,312,8,Click,Mobile,Opera,21f6cbe0-7f8a-400f-a6d2-d90aff3be363,226,facebook.com,19.91.164.30
230,20240116,246,125,View,Desktop,Opera,2300d242-eb00-4867-b2c2-5d4ebc7c68ac,48,tiktok.com,168.160.253.129
231,20231107,139,37,Click,Mobile,Safari,5418175c-9e59-430a-a8dd-5a8539b5428e,33,direct,89.136.224.220
232,20230916,372,167,View,Tablet,Chrome,856a6df0-0b8a-42ed-a28a-7cff73cd3865,50,email,145.165.105.247
233,20230129,334,162,View,Desktop,Chrome,2d7c5241-b59b-4320-9062-8f7ebe7ffc92,88,google.com,52.6.24.157
234,20231126,92,140,View,Tablet,Firefox,16824e68-09a9-4f4e-8706-1a4029fde0ba,91,tiktok.com,113.196.230.242
235,20230629,204,209,RemoveFromCart,Tablet,Chrome,9cdb29a0-d844-429e-817d-d6f2277bd6f3,193,instagram.com,85.82.217.81
236,20231231,176,76,View,Desktop,Edge,93188f65-7063-428e-aa50-b62c97bb11bf,228,instagram.com,103.70.44.4
237,20230621,324,246,Purchase,Tablet,Edge,68c325e0-f7c4-4f43-9ee3-d8756cf6ff1e,208,tiktok.com,160.142.244.110
238,20230702,358,187,AddToCart,Mobile,Opera,7cbfbd6a-5b39-44ad-80a8-9f81820b0478,90,instagram.com,117.153.119.46
239,20230125,179,120,Click,Desktop,Chrome,e337afe1-1bef-4edc-8c72-da3382230c4b,293,direct,194.212.60.155
240,20230105,123,36,View,Mobile,Safari,be8553c3-bfdb-491d-b29f-3f9009cdd8fd,223,email,69.149.182.26
241,20230210,262,241,Click,Tablet,Safari,8105da14-9eee-4623-a0ea-713e8577a72b,25,instagram.com,45.206.51.222
242,20230807,371,326,Purchase,Tablet,Chrome,7ebda8e5-b6c9-4a3f-bf6f-1609dad2e748,34,direct,177.232.245.110
243,20230206,264,320,View,Desktop,Edge,34a77ecf-737e-4bc3-ba0a-6fea4ce4e08e,206,instagram.com,163.116.166.2
244,20230210,74,183,Purchase,Mobile,Opera,1556972d-01db-49f9-94bc-161ef2dae641,172,tiktok.com,191.59.246.189
245,20230223,23,189,View,Desktop,Edge,1e073a32-eea8-4149-a229-2ad3f4842019,67,facebook.com,158.156.220.188
246,20231111,179,345,View,Mobile,Opera,9595bf82-04af-487f-ad71-f90175298ad5,164,facebook.com,222.21.246.108
247,20231230,279,204,RemoveFromCart,Tablet,Chrome,85db59f3-e270-4556-9580-3880766626e0,55,instagram.com,108.67.100.2
248,20230822,132,353,Purchase,Mobile,Edge,115f8ba7-109c-4cc0-a32a-8d4659c53673,88,instagram.com,162.43.144.158
249,20231130,392,204,Click,Tablet,Edge,6251f6f8-eb39-46b5-9419-b8aff1cbbcd5,34,instagram.com,20.197.36.113
250,20230116,99,157,Purchase,Mobile,Edge,5084cfea-58ae-42ec-80b5-39c9f63bdb63,226,google.com,166.128.21.169
251,20230904,268,205,AddToCart,Desktop,Chrome,064c55a9-ae29-4656-910f-0d53aa01f38d,63,facebook.com,110.222.233.148
252,20230928,109,160,Click,Desktop,Firefox,5739b070-0950-44ea-801e-da28cc2984ac,181,facebook.com,82.104.76.178
253,20231001,78,204,AddToCart,Tablet,Safari,21da8d57-9841-4ee9-84a1-82e6d29b2b0f,148,direct,74.229.78.72
254,20230704,147,172,Click,Mobile,Safari,6510a1f2-af82-42cb-8ba0-c25e13418317,135,facebook.com,60.227.164.135
255,20231124,263,45,Click,Desktop,Safari,df5db694-5ffd-4d18-be22-9882fd54b45b,114,instagram.com,29.78.86.232
256,20231018,355,187,RemoveFromCart,Desktop,Safari,86f831a8-018b-42a9-bf35-715b683faebc,46,direct,70.86.52.226
257,20231117,69,6,Purchase,Desktop,Chrome,a477e7bf-beae-4979-a943-c71c6c2059b8,177,email,137.10.27.217
258,20230326,101,346,AddToCart,Mobile,Chrome,160e9406-0a1a-4f30-a594-cb59fd9dfcbb,145,facebook.com,36.65.198.117
259,20240121,385,212,View,Mobile,Safari,005a3fb5-daf1-4a30-b88f-7c4b6496b88c,60,email,121.70.165.242
260,20230206,302,325,AddToCart,Tablet,Opera,3368a3fa-a9dc-4375-b0cc-bcc221afb5e0,191,instagram.com,137.141.151.87
261,20230510,145,89,View,Desktop,Edge,48b17364-ec01-40ae-84a3-665a7103632f,273,email,103.248.194.28
262,20230909,49,163,Purchase,Desktop,Opera,f8372ee6-80a0-4c89-b52d-985907bcddad,247,facebook.com,120.72.0.208
263,20231010,274,35,AddToCart,Desktop,Edge,aca40031-6c02-4536-98a3-4b72b17114b6,289,tiktok.com,198.247.182.45
264,20230227,222,116,RemoveFromCart,Mobile,Safari,b2bc9690-433b-4e13-9d05-501df7b63b60,240,instagram.com,126.88.49.220
265,20231222,170,128,Click,Mobile,Safari,9653448c-76c5-4594-8432-2cbb7acea66c,256,facebook.com,140.163.64.111
266,20230626,65,228,View,Desktop,Edge,2ac7ec9d-1def-4fc3-8552-f4e781d4ac97,236,instagram.com,144.112.201.126
267,20230617,165,3,AddToCart,Mobile,Firefox,b77de37f-d810-47ff-8db5-7501b00b06be,5,email,8.162.210.189
268,20230112,130,81,View,Tablet,Edge,374baa75-ebd0-4b5b-8c6f-c1d2a0c4dfa5,67,facebook.com,47.24.26.248
269,20231107,29,14,Purchase,Mobile,Edge,0ce84483-9f85-46e5-9f59-1775080343f1,145,instagram.com,173.145.80.21
270,20230602,362,17,RemoveFromCart,Tablet,Safari,794da018-792f-4585-ac5e-7a97e3800b7b,187,direct,1.185.137.116
271,20240121,194,82,Purchase,Desktop,Firefox,dc684bd6-0ab8-4893-99b2-836b5fa651fb,270,direct,27.1.83.24
272,20230201,27,52,AddToCart,Mobile,Firefox,bf485bd1-331a-47ab-9d28-dda21d5d776a,261,email,1.190.41.1
273,20230723,319,46,RemoveFromCart,Tablet,Safari,a41ae2a7-2cb1-4074-b87c-0151e9761e8b,234,google.com,37.62.40.167
274,20230109,350,41,AddToCart,Desktop,Firefox,19f594f0-f3e0-494a-a6ea-d85e5eea71e5,144,direct,175.18.246.241
275,20230624,213,331,RemoveFromCart,Tablet,Firefox,3461ce04-eedf-401e-aec6-a64721e25da9,7,direct,206.44.134.192
276,20240105,71,297,Purchase,Mobile,Edge,8cfe984b-b59c-42fd-984d-78414d243c09,88,tiktok.com,148.14.48.183
277,20230710,5,271,RemoveFromCart,Desktop,Chrome,f262c484-38b1-4257-8c52-b1ce72789f48,131,facebook.com,59.234.15.57
278,20230902,228,216,Click,Desktop,Safari,c6931e39-b629-4a7e-a0a9-f4d24d3cfe8a,236,google.com,118.215.41.221
279,20230125,215,84,Click,Mobile,Edge,dbbbee22-6192-4c03-b611-bba2d6e8c7a8,55,instagram.com,126.104.199.255
280,20230810,218,145,View,Tablet,Firefox,7ec79ea1-1a24-457b-a31d-8143e7b8c2af,44,facebook.com,60.146.179.13
281,20230908,330,299,Click,Mobile,Chrome,b27a3310-86c4-45ba-bb86-ecb29ab6a144,250,tiktok.com,54.195.88.149
282,20240123,294,227,RemoveFromCart,Mobile,Edge,d648839b-4cdf-42b5-b757-aee1b6f280e5,297,email,115.205.123.185
283,20230313,90,76,Purchase,Tablet,Safari,0307b56a-d049-4477-a698-66140945c5ef,111,direct,62.206.203.156
284,20231021,17,33,View,Mobile,Opera,cee18105-253b-498a-9842-78a398b71368,201,direct,16.141.96.116
285,20231124,336,137,Click,Mobile,Opera,f4ba0795-510e-4878-934b-c530233c7f1b,201,facebook.com,59.204.168.56
286,20230427,129,55,Purchase,Tablet,Chrome,4777468a-bc4c-4837-9d70-12e9d9fd2547,141,instagram.com,89.57.74.167
287,20231103,265,80,View,Tablet,Edge,9d5cc25a-9e5c-466a-92c9-dfd54b4efd0b,29,email,164.27.214.128
288,20230427,317,98,RemoveFromCart,Tablet,Chrome,1cf5e426-ee8e-4a16-9a26-ba52a15a2fee,87,tiktok.com,199.148.141.222
289,20230905,40,126,AddToCart,Desktop,Firefox,ebd14123-3403-431e-9321-c6f3efae4827,158,email,222.106.18.101
290,20231005,196,204,View,Desktop,Firefox,ae84f800-ca99-44db-9a0b-05989ea5f777,221,facebook.com,166.165.37.233
291,20240103,268,341,Click,Mobile,Firefox,e133877d-018a-4edc-85c1-f1d88ef5cdee,126,tiktok.com,16.144.49.201
292,20230620,178,256,View,Desktop,Firefox,66c42e02-617f-4d35-a5db-3d6d0599fdd2,141,google.com,89.20.107.219
293,20230404,109,212,Purchase,Desktop,Firefox,4d2d5c41-f7b5-4ae0-b089-1bf53e006292,56,google.com,174.94.70.66
294,20230109,165,86,Click,Mobile,Firefox,aaee60dd-e28e-4cd6-9ebd-0c8116c7ef9a,92,instagram.com,54.61.219.97
295,20230523,352,187,RemoveFromCart,Mobile,Edge,c0bd903c-2d05-4001-b48e-b22d15ba125d,271,direct,95.1.180.9
296,20230720,395,184,Click,Tablet,Firefox,4a9ec566-f7a0-4653-aa9d-b0e4857b009c,31,instagram.com,150.238.190.159
297,20230218,376,67,View,Tablet,Edge,74458716-6e3b-4ccc-8123-2a04b92d3071,169,direct,14.227.160.109
298,20230821,204,349,AddToCart,Mobile,Edge,9e06e2c1-a8a9-4781-9d74-d00d80e01d69,98,instagram.com,45.191.203.244
299,20230620,316,261,RemoveFromCart,Tablet,Safari,99acbdb1-f5d5-4cba-b63d-dfb2fd9249f1,98,tiktok.com,175.22.151.58
300,20230702,85,260,Purchase,Tablet,Chrome,37e3327f-e4c0-4105-92a3-4b34e52949f5,288,facebook.com,169.211.47.93
301,20230612,259,77,View,Tablet,Opera,13a69b2b-8885-402d-85f5-6a1db955d5be,6,email,49.126.2.137
302,20230406,280,249,AddToCart,Desktop,Edge,7dfb587b-5c63-4fee-b9cc-e6f23405f20a,132,facebook.com,64.190.213.133
303,20231209,363,220,Purchase,Tablet,Safari,5312de69-3775-452a-94be-cfbf82f79dd1,85,direct,32.190.128.69
304,20230610,42,138,RemoveFromCart,Desktop,Chrome,e6aa2e72-430f-4282-b5cc-aac3dddf296a,154,direct,123.194.227.154
305,20230718,248,7,View,Desktop,Firefox,f3e1b305-ddf3-4abf-ace1-8cda8b340368,160,google.com,131.198.64.195
306,20231120,283,111,View,Mobile,Edge,828c6519-ce9e-41bf-af49-0f6fc4b74e0f,40,instagram.com,45.222.16.68
307,20240129,80,8,Purchase,Mobile,Safari,f0b6b303-3a06-4550-b18b-5b2a7c5c741e,152,direct,12.244.119.185
308,20230509,47,281,AddToCart,Mobile,Safari,57257467-15e0-4dd7-8b1e-0e192e627ca1,34,facebook.com,38.113.66.238
309,20230320,358,114,Purchase,Mobile,Chrome,3cce9a78-4e22-4cbc-b24d-6a18c6453bce,225,direct,71.36.216.66
310,20231123,94,139,AddToCart,Desktop,Opera,e69ba6c6-817d-42fd-b8d5-cd2accf1d03c,202,tiktok.com,21.187.198.183
311,20231224,388,283,Purchase,Tablet,Opera,c154d214-189a-469b-ac53-b89246ff271c,236,tiktok.com,86.178.31.174
312,20230826,53,173,RemoveFromCart,Desktop,Opera,9c5c73dd-d6c5-4f78-a6b9-0ccc52a460ee,254,direct,120.102.140.246
313,20230706,94,139,View,Desktop,Edge,b952de52-1c2b-4dfb-87ce-c834fbfc4f5b,192,facebook.com,68.70.230.122
314,20230623,163,236,AddToCart,Desktop,Opera,48672216-8b80-437e-8422-9d977a9bbaf8,160,tiktok.com,150.39.121.245
315,20231226,143,70,Purchase,Mobile,Firefox,902352f8-23ad-4c46-a404-e0bbe02bea3d,15,email,94.64.27.55
316,20230415,109,13,AddToCart,Tablet,Opera,1f20b1a8-a71d-4481-881e-14e9b13ab2f7,285,direct,162.198.53.253
317,20230325,212,323,RemoveFromCart,Mobile,Opera,17c3b786-ea9c-4665-89cf-73fe851de868,188,google.com,78.4.245.108
318,20231118,105,236,Click,Desktop,Edge,ef1382ae-2a2d-4cd9-8343-05fb1c06500d,90,instagram.com,68.37.132.147
319,20231023,113,107,Click,Desktop,Chrome,1f8025ee-8347-4fbc-9177-77a27bc20618,267,google.com,43.244.155.185
320,20230407,301,281,Click,Desktop,Opera,12ab5661-49e5-440f-8c3b-7b7e1eaad883,133,email,45.146.89.80
321,20231224,396,263,Click,Desktop,Firefox,b236c4cb-f5f8-4efa-9254-2d9419178479,179,instagram.com,75.152.3.1
322,20230411,52,17,RemoveFromCart,Desktop,Chrome,12f39ffd-e38b-4d78-bdc0-a1ff272b93c7,43,instagram.com,36.138.249.221
323,20231119,42,327,View,Tablet,Firefox,335851ad-4dd8-439c-a50b-770bc2e346ce,122,direct,1.40.49.151
324,20230605,149,333,Click,Mobile,Firefox,fcac5c5f-128a-4d75-9315-5c19887fb539,159,email,69.209.74.28
325,20240130,218,116,Purchase,Tablet,Opera,9021afab-d13c-45fa-8b95-f9ffa0d10fc4,153,tiktok.com,83.59.218.113
326,20231231,118,11,Purchase,Tablet,Chrome,fbfdd28d-beca-4dd0-adde-5b7a5f8f32ce,191,email,136.12.170.233
327,20240106,301,96,Click,Tablet,Safari,8a54055a-871e-4d64-9076-663ad2153569,164,instagram.com,66.10.131.12
328,20231210,256,292,AddToCart,Tablet,Firefox,3580cf3a-6892-4b9e-9288-b8ae8b7302ca,217,email,153.194.82.168
329,20230121,258,17,AddToCart,Tablet,Firefox,12a53999-abcd-480d-88f3-ccc44e411ccf,275,direct,174.129.232.12
330,20231101,270,9,Click,Desktop,Opera,d4f73c4e-06b0-46f2-b234-b53e5e538289,142,direct,16.108.166.107
331,20240104,253,324,RemoveFromCart,Tablet,Safari,efbeac69-e3f9-48be-b0e3-ec7884f90c6e,38,google.com,71.4.248.91
332,20230713,249,325,RemoveFromCart,Tablet,Edge,b89cc73e-d103-41f4-b3f3-cfcb3c94d968,277,instagram.com,122.175.13.228
333,20231212,126,110,RemoveFromCart,Mobile,Safari,78669a9b-3ce9-48d8-bc06-1b5d5be2873c,254,direct,212.88.91.220
334,20230715,134,98,Click,Desktop,Opera,e0ccbdba-2130-4296-ba4c-e38b1f42f239,35,direct,193.89.35.221
335,20230504,371,100,View,Desktop,Safari,c4607051-d7af-4803-a646-ed3effd3ab2a,167,email,129.160.9.112
336,20231009,36,52,RemoveFromCart,Mobile,Safari,db164547-f9e0-4ce5-8da3-99fef198293a,66,email,98.100.213.194
337,20231012,95,273,View,Mobile,Edge,b1830355-c006-4a89-a5ed-c15efba9726e,70,google.com,49.65.30.204
338,20230413,13,93,Click,Desktop,Opera,9215dfbc-b325-4702-a5e3-744a8a41f58e,19,email,27.110.150.99
339,20230912,240,262,RemoveFromCart,Tablet,Chrome,ddcf9837-fd1b-4c64-8ea4-a95d1753c422,246,instagram.com,60.15.237.94
340,20230821,75,221,RemoveFromCart,Desktop,Opera,37f6ccdc-f378-4478-ab3d-3d8099fb9987,237,instagram.com,111.125.178.213
341,20230315,94,258,Purchase,Tablet,Safari,e11bdb99-469d-4fd4-b54a-ca30fe7ec4d2,218,google.com,186.35.75.72
342,20230113,89,71,RemoveFromCart,Tablet,Firefox,0a5ac804-9c6d-432c-a31d-3aced83d2b3f,78,instagram.com,79.196.166.50
343,20230611,387,60,RemoveFromCart,Tablet,Safari,e32a6b93-7fb4-4cc0-b996-b06f2e8b34fd,116,email,91.195.193.134
344,20230118,132,181,Click,Desktop,Safari,db47f21c-00c2-448d-a2fe-2e9c2af528f9,170,direct,203.87.132.1
345,20230103,22,286,View,Tablet,Chrome,4d1c5d43-b5f1-4836-8237-618152660a92,269,email,219.91.72.124
346,20230209,309,44,Purchase,Tablet,Chrome,6bf25929-e0e4-40b3-82b7-6e72a457f85a,238,direct,82.76.60.125
347,20230622,281,259,Click,Mobile,Opera,616db5a8-0c11-4748-b17a-d0b333de302d,213,tiktok.com,188.93.123.246
348,20230709,20,217,View,Mobile,Firefox,d044c286-187a-46ea-b2be-2ec6b893bdfe,236,email,155.237.113.37
349,20230312,182,287,Click,Desktop,Chrome,49a392ac-48b1-441d-b467-d2424ed6e9cc,102,google.com,61.109.8.13
350,20240113,396,328,AddToCart,Desktop,Chrome,34fc8548-ff93-4e7b-aff3-88df4045e7a1,215,facebook.com,196.156.242.140
351,20230929,24,344,AddToCart,Mobile,Firefox,01cfd34e-ecd1-4640-8e94-f69c170e7500,144,direct,210.129.194.86
352,20230608,262,104,Click,Mobile,Firefox,9cd6922c-0fe7-422d-91f2-eb7d3b299a01,84,facebook.com,223.100.130.156
353,20230808,75,130,Click,Desktop,Edge,173f1240-f8bf-4a49-8748-ae5f6f90f9f4,246,tiktok.com,27.72.193.235
354,20231214,76,74,View,Desktop,Edge,0247c301-9e28-46ca-b229-e4150821fdad,259,direct,125.105.241.145
355,20230615,111,204,Click,Desktop,Opera,c29c877f-1526-4bc1-afcb-00cc018fcd1c,299,email,41.71.193.105
356,20230421,256,3,Purchase,Mobile,Opera,462f3fa8-02ab-4e62-9eb2-21c81708c550,70,direct,145.19.15.10
357,20230429,395,218,Click,Tablet,Edge,1dd0df14-a8ab-40c8-89e6-d7eed88b9b7c,71,email,137.35.7.23
358,20230131,368,297,AddToCart,Tablet,Edge,8ad85a5d-b848-40cb-9186-a0084986cb51,287,direct,159.14.80.50
359,20230905,10,34,Click,Mobile,Edge,b1044319-9da2-4b65-a9c9-2714311a91b4,175,direct,80.197.23.107
360,20230701,332,233,RemoveFromCart,Mobile,Firefox,24482303-fc0b-4d00-8a81-0acbe529e7a7,208,direct,4.225.181.178
361,20230420,36,228,AddToCart,Desktop,Opera,2aa10751-4a0a-4ccc-abb9-adf52dbc1226,257,instagram.com,216.41.84.163
362,20230714,35,71,View,Desktop,Edge,65a05e62-d493-41f1-99a9-3b922d14ca3c,250,instagram.com,24.5.122.142
363,20230416,279,286,AddToCart,Desktop,Edge,81e423f3-971a-4975-95f8-9bec23a53fd2,164,email,5.97.247.206
364,20230712,382,170,View,Tablet,Opera,0c027b12-d96f-4700-9437-3f6c0b085ea4,234,instagram.com,104.174.218.23
365,20231216,85,56,AddToCart,Desktop,Chrome,d7dd2f00-dbc1-4621-b317-499193386999,273,direct,150.76.78.227
366,20230110,395,324,Click,Desktop,Safari,17baa54e-f076-4fb0-9acc-80d7705e6b8d,50,direct,189.151.142.86
367,20230215,192,174,Click,Mobile,Opera,c26db87c-91b1-4ed9-8083-d789244faef1,282,google.com,77.145.133.193
368,20230524,376,176,View,Desktop,Opera,a1a03b0c-75b4-4933-bb8b-ef18e7f1d8ee,258,email,219.156.237.196
369,20230415,62,138,RemoveFromCart,Tablet,Opera,22f52a24-6c66-4752-ac2c-5945dbb22df5,71,email,1.5.233.117
370,20230430,384,43,RemoveFromCart,Desktop,Opera,97f54a67-6109-409c-b119-9ffe6734fdef,138,google.com,97.33.157.225
371,20231231,4,37,RemoveFromCart,Tablet,Safari,f260b8ab-47f7-47ad-8ff4-7834ed6df058,138,google.com,73.121.254.99
372,20231114,41,141,RemoveFromCart,Mobile,Edge,8b45caf0-2486-436f-88e3-fca0f743f476,85,direct,15.210.110.26
373,20231023,220,325,AddToCart,Tablet,Edge,ed1b4c87-5c7e-49a5-9c19-7a28245892da,174,facebook.com,61.24.123.63
374,20230628,323,310,Click,Tablet,Edge,67b41b9a-6b68-45a9-901d-425bb007f4f5,75,direct,132.64.50.187
375,20230320,316,206,View,Mobile,Firefox,55515540-1553-4084-b6e6-12c967f4df52,147,facebook.com,151.112.70.109
376,20230905,101,103,View,Mobile,Safari,947ef542-d698-497e-a0af-d22665203730,56,direct,60.37.114.72
377,20240114,73,156,AddToCart,Mobile,Firefox,c55479d2-0b4b-47a6-a141-bb549beedf88,208,direct,181.186.197.63
378,20230112,92,110,AddToCart,Tablet,Opera,63ef8ba6-ecb2-4cbd-acb1-809c94dc872a,87,tiktok.com,106.125.111.232
379,20230808,248,201,AddToCart,Mobile,Firefox,49cbd2d4-144a-4f70-a114-448a884d8662,27,direct,31.153.222.159
380,20230921,203,66,AddToCart,Mobile,Edge,223034cb-eea8-4416-8577-5ca00a08ea5b,178,google.com,162.26.146.106
381,20230323,244,162,RemoveFromCart,Mobile,Opera,fbacacac-9560-49a4-9523-becadbd6aef3,256,tiktok.com,181.62.55.239
382,20230816,233,334,View,Mobile,Chrome,bdcb3b3e-1437-47c5-a837-f7f086aaa8c6,31,facebook.com,145.131.230.166
383,20230531,188,305,Click,Mobile,Safari,fa9db0a2-2a0c-461a-8255-d35f9ddf2cb0,127,instagram.com,222.205.115.63
384,20230221,332,244,Click,Tablet,Opera,fe92465b-a19b-438c-9f68-09850b96d639,264,google.com,138.207.205.128
385,20230616,265,33,Click,Desktop,Opera,5e69df62-a18c-43fc-8354-2bb354a2b4f2,93,direct,119.180.127.205
386,20230707,57,318,Purchase,Tablet,Chrome,fd5982af-b154-433d-b97a-bc083db6c200,208,direct,183.248.44.137
387,20230331,232,334,RemoveFromCart,Mobile,Safari,4aa033fe-2652-4473-a4cc-0375a95a6e18,277,google.com,34.129.113.16
388,20230517,303,251,Click,Mobile,Edge,b9dd4129-5cbd-4d29-9a18-b9b3ed178b76,72,google.com,149.199.148.163
389,20230803,31,8,View,Tablet,Edge,503fefee-9f78-4a22-bf0c-7102c21cf6ed,61,tiktok.com,60.13.22.167
390,20230911,125,317,View,Desktop,Firefox,0a6c979c-838b-4550-802c-c0ebdff6d7a0,6,tiktok.com,27.112.96.159
391,20230808,197,143,Purchase,Tablet,Chrome,76cb6759-765e-4627-80f6-53eef1e563c3,268,direct,110.254.181.207
392,20240131,16,132,RemoveFromCart,Tablet,Safari,801c86ff-8dea-4472-a5a9-a9ff42639734,261,facebook.com,29.163.136.7
393,20230526,150,222,Purchase,Desktop,Firefox,12f5f875-0fc6-4f13-a438-8eaea9d6e4cf,296,instagram.com,119.87.248.178
394,20230810,236,352,Click,Tablet,Safari,6cecadd8-3b8c-4b96-9853-f259af20e1ee,21,tiktok.com,46.218.3.70
395,20230426,191,231,Click,Desktop,Safari,97b38eb3-7650-4a9f-924c-929648e2e960,48,google.com,47.11.130.195
396,20230205,11,275,Click,Tablet,Chrome,76b4ef15-fc8e-464a-9857-12a53656da0a,80,direct,143.119.180.4
397,20240128,75,154,View,Mobile,Edge,a2001adb-45c9-44b0-a402-9750eb2774f1,231,facebook.com,216.146.210.169
398,20240109,154,317,View,Desktop,Chrome,cd5e1a4a-b627-4911-8114-c533bcbc29bb,24,instagram.com,70.111.81.111
399,20230720,160,11,Purchase,Tablet,Safari,118c9e34-d178-477b-a9e1-cd4eda61d371,250,direct,99.159.182.104
400,20240128,281,146,Click,Mobile,Safari,185ae4ed-4e96-47b7-8b6a-8650d17468a5,70,email,21.103.107.126
